{
  "resourceType": "CodeSystem",
  "status": "active",
  "content": "complete",
  "name": "US_Loinc_CS",
  "id": "us-loinc-cs",
  "title": "Loinc CodeSystem PART file + Core Table Japanese Modification",
  "description": "LOINC PART file + Core Table(donwloaded from official site) version 2.74",
  "url": "http://loinc.org",
  "concept": [
    {
      "code": "LP101394-7",
      "display": "adjusted for maternal weight"
    },
    {
      "code": "LP101907-6",
      "display": "corrected for age"
    },
    {
      "code": "LP115711-6",
      "display": "corrected for background"
    },
    {
      "code": "LP147359-6",
      "display": "adjusted for body weight"
    },
    {
      "code": "LP173482-3",
      "display": "1st specimen"
    },
    {
      "code": "LP173483-1",
      "display": "post cyanocobalamin"
    },
    {
      "code": "LP190769-2",
      "display": "adjusted for lean body mass+urine creatinine"
    },
    {
      "code": "LP20174-6",
      "display": "adjusted"
    },
    {
      "code": "LP20187-8",
      "display": "unadjusted"
    },
    {
      "code": "LP20440-1",
      "display": "corrected for nucleated erythrocytes"
    },
    {
      "code": "LP20441-9",
      "display": "hematocrit adjusted"
    },
    {
      "code": "LP20595-2",
      "display": "corrected for total protein"
    },
    {
      "code": "LP20603-4",
      "display": "adjusted to pH 7.4"
    },
    {
      "code": "LP20606-7",
      "display": "saturation adjusted to 0.5"
    },
    {
      "code": "LP20607-5",
      "display": "standard"
    },
    {
      "code": "LP20608-3",
      "display": "adjusted to patient's actual temperature"
    },
    {
      "code": "LP20617-4",
      "display": "adjusted for sex hormone binding globulin"
    },
    {
      "code": "LP208932-6",
      "display": "adjusted for age+sex+race+BMI"
    },
    {
      "code": "LP241992-9",
      "display": "adjusted for age"
    },
    {
      "code": "LP242679-1",
      "display": "adjusted for age+sex+race+ethnicity+educational attainment"
    },
    {
      "code": "LP29645-6",
      "display": "corrected for albumin"
    },
    {
      "code": "LP310257-3",
      "display": "standardized per IFCC-RMP for CDT"
    },
    {
      "code": "LP36655-6",
      "display": "adjusted for diabetes+weight"
    },
    {
      "code": "LP36656-4",
      "display": "adjusted for weight"
    },
    {
      "code": "LP36657-2",
      "display": "adjusted for diabetes"
    },
    {
      "code": "LP418256-6",
      "display": "corrected for glycerol"
    },
    {
      "code": "LP421238-9",
      "display": "corrected for ambient CO"
    },
    {
      "code": "LP426374-7",
      "display": "at end expiration+W sub-maximal exercise"
    },
    {
      "code": "LP426574-2",
      "display": "normalized"
    },
    {
      "code": "LP65567-7",
      "display": "adjusted for multiple gestations"
    },
    {
      "code": "LP66337-4",
      "display": "corrected for glucose"
    },
    {
      "code": "LP71889-7",
      "display": "adjusted for hemoglobin"
    },
    {
      "code": "LP71890-5",
      "display": "adjusted to body conditions"
    },
    {
      "code": "LP71891-3",
      "display": "uncorrected for compressible gas volume setting"
    },
    {
      "code": "LP71892-1",
      "display": "corrected for compressible gas volume"
    },
    {
      "code": "LP94499-8",
      "display": "uncorrected for compressible gas volume"
    },
    {
      "code": "LP97015-9",
      "display": "adjusted to specific gravity 1.024"
    },
    {
      "code": "LP99753-3",
      "display": "corrected for heart rate"
    },
    {
      "code": "LP100005-0",
      "display": "post 6 mg dexamethasone PO overnight"
    },
    {
      "code": "LP100697-4",
      "display": "7 AM specimen"
    },
    {
      "code": "LP101161-0",
      "display": "2.75H post dose lactose PO"
    },
    {
      "code": "LP101162-8",
      "display": "2.25H post dose lactose PO"
    },
    {
      "code": "LP101163-6",
      "display": "1.75H post dose lactose PO"
    },
    {
      "code": "LP101164-4",
      "display": "1.25H post dose lactose PO"
    },
    {
      "code": "LP101880-5",
      "display": "during expiration"
    },
    {
      "code": "LP101881-3",
      "display": "during inspiration"
    },
    {
      "code": "LP101943-1",
      "display": "at end expiration"
    },
    {
      "code": "LP111141-0",
      "display": "Breath"
    },
    {
      "code": "LP111513-0",
      "display": "8th specimen post CFst"
    },
    {
      "code": "LP111514-8",
      "display": "9th specimen post CFst"
    },
    {
      "code": "LP111515-5",
      "display": "10th specimen post CFst"
    },
    {
      "code": "LP115673-8",
      "display": "end of expiration"
    },
    {
      "code": "LP121112-9",
      "display": "W methacholine inhaled"
    },
    {
      "code": "LP128681-6",
      "display": "afternoon specimen"
    },
    {
      "code": "LP129061-0",
      "display": "30M post maximum clot amplitude"
    },
    {
      "code": "LP129068-5",
      "display": "30M after maximum clot amplitude after addition of heparinase"
    },
    {
      "code": "LP129071-9",
      "display": "60M post maximum clot amplitude"
    },
    {
      "code": "LP133229-7",
      "display": "beginning of call"
    },
    {
      "code": "LP133232-1",
      "display": "end of call"
    },
    {
      "code": "LP133413-7",
      "display": "after addition of normal plasma 2H post incubation separate tubes"
    },
    {
      "code": "LP135214-7",
      "display": "patient arrival"
    },
    {
      "code": "LP135215-4",
      "display": "patient destination"
    },
    {
      "code": "LP135483-8",
      "display": "at delivery"
    },
    {
      "code": "LP135595-9",
      "display": "90M post exercise"
    },
    {
      "code": "LP135596-7",
      "display": "110M post exercise"
    },
    {
      "code": "LP135597-5",
      "display": "130M post exercise"
    },
    {
      "code": "LP135600-7",
      "display": "15M post exercise"
    },
    {
      "code": "LP135804-5",
      "display": "WO & W contrast"
    },
    {
      "code": "LP136078-5",
      "display": "developmental joint assessment"
    },
    {
      "code": "LP136176-7",
      "display": "20M post excision"
    },
    {
      "code": "LP136290-6",
      "display": "after maximum clot amplitude"
    },
    {
      "code": "LP136303-7",
      "display": "at dispatch"
    },
    {
      "code": "LP140231-4",
      "display": "premenopausal"
    },
    {
      "code": "LP140232-2",
      "display": "postmenopausal"
    },
    {
      "code": "LP140677-8",
      "display": "post 25 mg/mL methacholine"
    },
    {
      "code": "LP145288-9",
      "display": "12H post dose ifosfamide"
    },
    {
      "code": "LP145289-7",
      "display": "post dose ifosfamide"
    },
    {
      "code": "LP145290-5",
      "display": "7D post dose ifosfamide"
    },
    {
      "code": "LP145541-1",
      "display": "20M post dose lactose PO"
    },
    {
      "code": "LP145542-9",
      "display": "40M post dose lactose PO"
    },
    {
      "code": "LP145592-4",
      "display": "post dialysis/pre dialysis"
    },
    {
      "code": "LP150046-3",
      "display": "at peritoneal dialysis adequacy measurement"
    },
    {
      "code": "LP156504-5",
      "display": "PM trough specimen"
    },
    {
      "code": "LP156505-2",
      "display": "AM peak specimen"
    },
    {
      "code": "LP157148-0",
      "display": "pre contrast"
    },
    {
      "code": "LP157347-8",
      "display": "post dose HCG"
    },
    {
      "code": "LP157348-6",
      "display": "pre dose HCG"
    },
    {
      "code": "LP157517-6",
      "display": "W contrast IV+W air contrast PR"
    },
    {
      "code": "LP157794-1",
      "display": "post ejaculate"
    },
    {
      "code": "LP172879-1",
      "display": "pre dialysis-post dialysis"
    },
    {
      "code": "LP173487-2",
      "display": "2nd specimen/Streptococcus pneumoniae 12f Ab"
    },
    {
      "code": "LP173488-0",
      "display": "post amniocentesis"
    },
    {
      "code": "LP173490-6",
      "display": "pre amniocentesis"
    },
    {
      "code": "LP173492-2",
      "display": "2nd specimen/Streptococcus pneumoniae 14 Ab"
    },
    {
      "code": "LP173496-3",
      "display": "1H post 250 ug cortrosyn IM"
    },
    {
      "code": "LP173497-1",
      "display": "30M post 250 ug cortrosyn IM"
    },
    {
      "code": "LP173498-9",
      "display": "pre 250 ug cortrosyn IM"
    },
    {
      "code": "LP173502-8",
      "display": "post dose cyanocobalamin+intrinsic factor/Cobalamins"
    },
    {
      "code": "LP173511-9",
      "display": "after addition of protein C activator+Factor V depleted plasma/Coagulation surface induced"
    },
    {
      "code": "LP173512-7",
      "display": "after addition of protein C activator/Coagulation surface induced"
    },
    {
      "code": "LP173514-3",
      "display": "pre/post XXX challenge"
    },
    {
      "code": "LP173515-0",
      "display": "immediately after addition of normal plasma/Coagulation surface induced"
    },
    {
      "code": "LP173516-8",
      "display": "20M post incubation.37 deg c after addition of normal plasma"
    },
    {
      "code": "LP173518-4",
      "display": "hemodialysis"
    },
    {
      "code": "LP174429-3",
      "display": "20M post dose corticotropin"
    },
    {
      "code": "LP174563-9",
      "display": "post therapeutic diet"
    },
    {
      "code": "LP175701-4",
      "display": "post question response"
    },
    {
      "code": "LP182313-9",
      "display": "immediately after 1:1 addition of normal plasma"
    },
    {
      "code": "LP183687-5",
      "display": "usual"
    },
    {
      "code": "LP184287-3",
      "display": "pre delivery"
    },
    {
      "code": "LP185815-0",
      "display": "1.25 mg/ml"
    },
    {
      "code": "LP185816-8",
      "display": "1.25 ug/ml"
    },
    {
      "code": "LP185818-4",
      "display": "1.6 mmol/L"
    },
    {
      "code": "LP186034-7",
      "display": "at discharge"
    },
    {
      "code": "LP186079-2",
      "display": "2nd tube"
    },
    {
      "code": "LP186080-0",
      "display": "3rd tube"
    },
    {
      "code": "LP186081-8",
      "display": "4th tube"
    },
    {
      "code": "LP186950-4",
      "display": "in microenvironment"
    },
    {
      "code": "LP187034-6",
      "display": "during respiratory pause"
    },
    {
      "code": "LP188666-4",
      "display": "negative inspiratory force maneuver"
    },
    {
      "code": "LP189724-0",
      "display": "1st tube"
    },
    {
      "code": "LP189877-6",
      "display": "1M post dose indocyanine green"
    },
    {
      "code": "LP189878-4",
      "display": "15M post dose indocyanine green"
    },
    {
      "code": "LP190643-9",
      "display": "124H post XXX challenge"
    },
    {
      "code": "LP190740-3",
      "display": "WO & W contrast IV"
    },
    {
      "code": "LP190766-8",
      "display": "Dibucaine"
    },
    {
      "code": "LP192107-3",
      "display": "Indocyanine green"
    },
    {
      "code": "LP192129-7",
      "display": "dibucaine/Cholinesterase"
    },
    {
      "code": "LP199196-9",
      "display": "24H post incubation"
    },
    {
      "code": "LP199198-5",
      "display": "24H post XXX challenge"
    },
    {
      "code": "LP199669-5",
      "display": "6 umol/L"
    },
    {
      "code": "LP200132-1",
      "display": "2H dwell specimen"
    },
    {
      "code": "LP200133-9",
      "display": "4H dwell specimen"
    },
    {
      "code": "LP200203-0",
      "display": "used for drug calculation"
    },
    {
      "code": "LP200240-2",
      "display": "post XXX g sugar solution PO"
    },
    {
      "code": "LP200254-3",
      "display": "pre procedure"
    },
    {
      "code": "LP200255-0",
      "display": "post procedure"
    },
    {
      "code": "LP200319-4",
      "display": "after addition of factor X activated"
    },
    {
      "code": "LP200464-8",
      "display": "1.25H post dose arginine+insulin"
    },
    {
      "code": "LP200591-8",
      "display": "best corrected"
    },
    {
      "code": "LP200592-6",
      "display": "uncorrected"
    },
    {
      "code": "LP200597-5",
      "display": "dark-adapted"
    },
    {
      "code": "LP200598-3",
      "display": "light-adapted"
    },
    {
      "code": "LP200612-2",
      "display": "W cycloplegia"
    },
    {
      "code": "LP200613-0",
      "display": "WO cycloplegia"
    },
    {
      "code": "LP201231-0",
      "display": "at initial diagnosis"
    },
    {
      "code": "LP201232-8",
      "display": "at final disease stage"
    },
    {
      "code": "LP201627-9",
      "display": "W indocyanine green IV"
    },
    {
      "code": "LP201628-7",
      "display": "W fluorescein IV"
    },
    {
      "code": "LP20165-4",
      "display": "2nd specimen"
    },
    {
      "code": "LP20166-2",
      "display": "1st specimen"
    },
    {
      "code": "LP20167-0",
      "display": "pre 250 ug corticotropin IM"
    },
    {
      "code": "LP20168-8",
      "display": "30M post 250 ug corticotropin IM"
    },
    {
      "code": "LP20169-6",
      "display": "1H post 250 ug corticotropin IM"
    },
    {
      "code": "LP20171-2",
      "display": "10H post 1 mg dexamethasone PO overnight"
    },
    {
      "code": "LP20172-0",
      "display": "17H post 1 mg dexamethasone PO overnight"
    },
    {
      "code": "LP20173-8",
      "display": "24H post 1 mg dexamethasone PO overnight"
    },
    {
      "code": "LP20175-3",
      "display": "peak"
    },
    {
      "code": "LP20176-1",
      "display": "trough"
    },
    {
      "code": "LP20177-9",
      "display": "0.0% sodium chloride"
    },
    {
      "code": "LP20178-7",
      "display": "0.30% sodium chloride"
    },
    {
      "code": "LP20179-5",
      "display": "0.35% sodium chloride"
    },
    {
      "code": "LP20180-3",
      "display": "0.40% sodium chloride"
    },
    {
      "code": "LP20181-1",
      "display": "0.45% sodium chloride"
    },
    {
      "code": "LP20182-9",
      "display": "0.50% sodium chloride"
    },
    {
      "code": "LP20183-7",
      "display": "0.55% sodium chloride"
    },
    {
      "code": "LP20184-5",
      "display": "0.60% sodium chloride"
    },
    {
      "code": "LP20185-2",
      "display": "0.65% sodium chloride"
    },
    {
      "code": "LP20186-0",
      "display": "0.85% sodium chloride"
    },
    {
      "code": "LP20189-4",
      "display": "0.75% sodium chloride"
    },
    {
      "code": "LP20190-2",
      "display": "2H post peritoneal dialysis"
    },
    {
      "code": "LP20191-0",
      "display": "4H post peritoneal dialysis"
    },
    {
      "code": "LP20192-8",
      "display": "20M post dose TRH"
    },
    {
      "code": "LP20193-6",
      "display": "baseline"
    },
    {
      "code": "LP20194-4",
      "display": "1st specimen post XXX challenge"
    },
    {
      "code": "LP20196-9",
      "display": "1H post meal"
    },
    {
      "code": "LP20197-7",
      "display": "post 10H CFst"
    },
    {
      "code": "LP20198-5",
      "display": "post 12H CFst"
    },
    {
      "code": "LP20199-3",
      "display": "1H post 25 g xylose PO"
    },
    {
      "code": "LP20200-9",
      "display": "1H post dose xylose PO"
    },
    {
      "code": "LP20201-7",
      "display": "2H post 25 g xylose PO"
    },
    {
      "code": "LP20202-5",
      "display": "30M post 25 g xylose PO"
    },
    {
      "code": "LP20203-3",
      "display": "post 6H CFst"
    },
    {
      "code": "LP20204-1",
      "display": "post ejaculation"
    },
    {
      "code": "LP20205-8",
      "display": "post coitus"
    },
    {
      "code": "LP20206-6",
      "display": "15M post 50 g lactose PO"
    },
    {
      "code": "LP20207-4",
      "display": "7H post 75 g glucose PO"
    },
    {
      "code": "LP20208-2",
      "display": "3H post 25 g xylose PO"
    },
    {
      "code": "LP20209-0",
      "display": "4H post 25 g xylose PO"
    },
    {
      "code": "LP20210-8",
      "display": "5H post 25 g xylose PO"
    },
    {
      "code": "LP20213-2",
      "display": "2.5H post 75 g glucose PO"
    },
    {
      "code": "LP20214-0",
      "display": "3.5H post 75 g glucose PO"
    },
    {
      "code": "LP20215-7",
      "display": "4.5H post 75 g glucose PO"
    },
    {
      "code": "LP20216-5",
      "display": "45M post 50 g lactose PO"
    },
    {
      "code": "LP20217-3",
      "display": "45M post dose TRH IV"
    },
    {
      "code": "LP20218-1",
      "display": "post dialysis"
    },
    {
      "code": "LP20219-9",
      "display": "pre dialysis"
    },
    {
      "code": "LP20220-7",
      "display": "15M post 100 g glucose PO"
    },
    {
      "code": "LP20221-5",
      "display": "45M post 100 g glucose PO"
    },
    {
      "code": "LP20222-3",
      "display": "post immediate spin"
    },
    {
      "code": "LP20223-1",
      "display": "9H post 3 g metyraPONE PO overnight"
    },
    {
      "code": "LP20224-9",
      "display": "pre 3 g metyraPONE PO overnight"
    },
    {
      "code": "LP20225-6",
      "display": "8H post 30 mg/kg metyraPONE PO"
    },
    {
      "code": "LP20226-4",
      "display": "post 750 mg metyraPONE q4h X 6"
    },
    {
      "code": "LP20228-0",
      "display": "1H post 1 ug/kg CRH IV"
    },
    {
      "code": "LP20229-8",
      "display": "1H post dose insulin IV"
    },
    {
      "code": "LP20230-6",
      "display": "1M post 1 ug/kg CRH IV"
    },
    {
      "code": "LP20231-4",
      "display": "30M post 1 ug/kg CRH IV"
    },
    {
      "code": "LP20232-2",
      "display": "30M post dose insulin IV"
    },
    {
      "code": "LP20233-0",
      "display": "45M post 1 ug/kg CRH IV"
    },
    {
      "code": "LP20234-8",
      "display": "45M post dose insulin IV"
    },
    {
      "code": "LP20235-5",
      "display": "5M post 1 ug/kg CRH IV"
    },
    {
      "code": "LP20236-3",
      "display": "pre 1 ug/kg CRH IV"
    },
    {
      "code": "LP20237-1",
      "display": "pre dose insulin IV"
    },
    {
      "code": "LP20238-9",
      "display": "post dose PO"
    },
    {
      "code": "LP20239-7",
      "display": "post 15000 U carotene QDx3 for 3D poly"
    },
    {
      "code": "LP20240-5",
      "display": "90s post 0.5 ug/kg pentagastrin IV"
    },
    {
      "code": "LP20241-3",
      "display": "10M post 2.4 mg/kg calcium short IV"
    },
    {
      "code": "LP20242-1",
      "display": "3H post 15 mg/kg calcium gluconate IV"
    },
    {
      "code": "LP20243-9",
      "display": "4H post 15 mg/kg calcium gluconate IV"
    },
    {
      "code": "LP20244-7",
      "display": "5M post 0.5 ug/kg pentagastrin IV"
    },
    {
      "code": "LP20245-4",
      "display": "5M post 2.4 mg/kg calcium short IV"
    },
    {
      "code": "LP20246-2",
      "display": "pre 0.5 ug/kg pentagastrin IV"
    },
    {
      "code": "LP20247-0",
      "display": "pre 2.4 mg/kg calcium short IV"
    },
    {
      "code": "LP20248-8",
      "display": "post calcium infusion"
    },
    {
      "code": "LP20249-6",
      "display": "1H post 300 ug cloNIDine PO"
    },
    {
      "code": "LP20250-4",
      "display": "2H post 300 ug cloNIDine PO"
    },
    {
      "code": "LP20251-2",
      "display": "3H post 300 ug cloNIDine PO"
    },
    {
      "code": "LP20252-0",
      "display": "pre 300 ug cloNIDine PO"
    },
    {
      "code": "LP20253-8",
      "display": "24H post 40 ug corticotropin IM BID 3 day"
    },
    {
      "code": "LP20254-6",
      "display": "48H post 40 ug corticotropin IM BID 3 day"
    },
    {
      "code": "LP20255-3",
      "display": "48H post 500 ug dexamethasone PO 2.5 day low dose q6h"
    },
    {
      "code": "LP20257-9",
      "display": "72H post 40 ug corticotropin IM BID 3 day"
    },
    {
      "code": "LP20258-7",
      "display": "pre 50 ug corticotropin IM 3 day"
    },
    {
      "code": "LP20259-5",
      "display": "pre 500 ug dexamethasone PO 2.5 day low dose q6h"
    },
    {
      "code": "LP20260-3",
      "display": "pre 2 mg dexamethasone PO 2.5 day high dose q6h"
    },
    {
      "code": "LP20262-9",
      "display": "1H post 0.05-0.15 U insulin/kg IV post 12H CFst"
    },
    {
      "code": "LP20263-7",
      "display": "1H post 250 ug corticotropin IM rapid"
    },
    {
      "code": "LP20264-5",
      "display": "1H post 250 ug corticotropin IV rapid"
    },
    {
      "code": "LP20266-0",
      "display": "24H post 2 mg dexamethasone PO 2.5 day high dose q6h"
    },
    {
      "code": "LP20267-8",
      "display": "24H post 500 ug corticotropin IM"
    },
    {
      "code": "LP20268-6",
      "display": "24H post 500 ug dexamethasone PO 2.5 day low dose q6h"
    },
    {
      "code": "LP20269-4",
      "display": "26H post 500 ug dexamethasone PO 2.5 day low dose q6h"
    },
    {
      "code": "LP20270-2",
      "display": "26H post 2 mg dexamethasone PO 2.5 day high dose q6h"
    },
    {
      "code": "LP20271-0",
      "display": "2D post 500 ug corticotropin IM"
    },
    {
      "code": "LP20272-8",
      "display": "30M post 0.05-0.15 U insulin/kg IV post 12H CFst"
    },
    {
      "code": "LP20273-6",
      "display": "30M post 250 ug corticotropin IM rapid"
    },
    {
      "code": "LP20274-4",
      "display": "30M post 250 ug corticotropin IV rapid"
    },
    {
      "code": "LP20275-1",
      "display": "32H post 40 ug corticotropin IM BID 3 day"
    },
    {
      "code": "LP20276-9",
      "display": "3D post 500 ug corticotropin IM"
    },
    {
      "code": "LP20277-7",
      "display": "48H post 2 mg dexamethasone PO 2.5 day high dose q6h"
    },
    {
      "code": "LP20279-3",
      "display": "50H post 500 ug dexamethasone PO 2.5 day low dose q6h"
    },
    {
      "code": "LP20280-1",
      "display": "50H post 2 mg dexamethasone PO 2.5 day high dose q6h"
    },
    {
      "code": "LP20281-9",
      "display": "56H post 40 ug corticotropin IM BID 3 day"
    },
    {
      "code": "LP20282-7",
      "display": "72H post 2 mg dexamethasone PO 2.5 day high dose q6h"
    },
    {
      "code": "LP20283-5",
      "display": "72H post 500 ug dexamethasone PO 2.5 day low dose q6h"
    },
    {
      "code": "LP20284-3",
      "display": "8H post 1 mg dexamethasone PO overnight"
    },
    {
      "code": "LP20285-0",
      "display": "8H post 2 mg dexamethasone PO 2.5 day high dose q6h"
    },
    {
      "code": "LP20286-8",
      "display": "8H post 500 ug dexamethasone PO 2.5 day low dose q6h"
    },
    {
      "code": "LP20287-6",
      "display": "8H post 40 ug corticotropin IM BID 3 day"
    },
    {
      "code": "LP20288-4",
      "display": "9.5H post 8 mg dexamethasone PO overnight high dose"
    },
    {
      "code": "LP20289-2",
      "display": "9H post 1 mg dexamethasone PO overnight"
    },
    {
      "code": "LP20290-0",
      "display": "9H post 8 mg dexamethasone PO overnight high dose"
    },
    {
      "code": "LP202916-5",
      "display": "overnight dwell"
    },
    {
      "code": "LP20291-8",
      "display": "pre 12H CFst"
    },
    {
      "code": "LP20292-6",
      "display": "pre 1 mg dexamethasone PO overnight"
    },
    {
      "code": "LP20293-4",
      "display": "pre 40 ug corticotropin IM 3 day"
    },
    {
      "code": "LP20294-2",
      "display": "pre 8 mg dexamethasone PO overnight high dose"
    },
    {
      "code": "LP20296-7",
      "display": "supine"
    },
    {
      "code": "LP20309-8",
      "display": "1.5H post 40 g galactose PO"
    },
    {
      "code": "LP20310-6",
      "display": "1H post 40 g galactose PO"
    },
    {
      "code": "LP20311-4",
      "display": "2H post 40 g galactose PO"
    },
    {
      "code": "LP20312-2",
      "display": "30M post 40 g galactose PO"
    },
    {
      "code": "LP20313-0",
      "display": "post 40 g dose PO"
    },
    {
      "code": "LP20314-8",
      "display": "10M post 0.2 U/kg secretin"
    },
    {
      "code": "LP20315-5",
      "display": "15M post 0.2 U/kg secretin"
    },
    {
      "code": "LP20316-3",
      "display": "20M post 0.2 U/kg secretin"
    },
    {
      "code": "LP20317-1",
      "display": "25M post 0.2 U/kg secretin"
    },
    {
      "code": "LP20318-9",
      "display": "30M post 0.2 U/kg secretin"
    },
    {
      "code": "LP20319-7",
      "display": "5M post 0.2 U/kg secretin"
    },
    {
      "code": "LP20320-5",
      "display": "pre 0.2 U/kg secretin"
    },
    {
      "code": "LP20321-3",
      "display": "30M post 100 g glucose PO"
    },
    {
      "code": "LP20322-1",
      "display": "1.5H post 0.5 g/kg glucose IV"
    },
    {
      "code": "LP20323-9",
      "display": "1.5H post 100 g glucose PO"
    },
    {
      "code": "LP20324-7",
      "display": "1.5H post 75 g glucose PO"
    },
    {
      "code": "LP20325-4",
      "display": "10M post 0.5 g/kg glucose IV"
    },
    {
      "code": "LP20326-2",
      "display": "1H post 0.5 g/kg glucose IV"
    },
    {
      "code": "LP20327-0",
      "display": "1H post 100 g glucose PO"
    },
    {
      "code": "LP20328-8",
      "display": "1H post 50 g glucose PO"
    },
    {
      "code": "LP20329-6",
      "display": "1H post 50 g lactose PO"
    },
    {
      "code": "LP20330-4",
      "display": "1H post 75 g glucose PO"
    },
    {
      "code": "LP20331-2",
      "display": "1M post 0.5 g/kg glucose IV"
    },
    {
      "code": "LP20332-0",
      "display": "20M post 0.5 g/kg glucose IV"
    },
    {
      "code": "LP20333-8",
      "display": "2H post 100 g glucose PO"
    },
    {
      "code": "LP20334-6",
      "display": "2H post 50 g lactose PO"
    },
    {
      "code": "LP20335-3",
      "display": "2H post 75 g glucose PO"
    },
    {
      "code": "LP20336-1",
      "display": "2H post meal"
    },
    {
      "code": "LP20337-9",
      "display": "30M post 0.5 g/kg glucose IV"
    },
    {
      "code": "LP20338-7",
      "display": "30M post 0.1 U/kg insulin"
    },
    {
      "code": "LP20339-5",
      "display": "30M post 50 g lactose PO"
    },
    {
      "code": "LP20340-3",
      "display": "30M post 75 g glucose PO"
    },
    {
      "code": "LP20341-1",
      "display": "3H post 100 g glucose PO"
    },
    {
      "code": "LP20342-9",
      "display": "3H post 75 g glucose PO"
    },
    {
      "code": "LP20343-7",
      "display": "3M post 0.5 g/kg glucose IV"
    },
    {
      "code": "LP20344-5",
      "display": "40M post 0.5 g/kg glucose IV"
    },
    {
      "code": "LP20345-2",
      "display": "4H post 100 g glucose PO"
    },
    {
      "code": "LP20346-0",
      "display": "4H post 75 g glucose PO"
    },
    {
      "code": "LP20347-8",
      "display": "5H post 100 g glucose PO"
    },
    {
      "code": "LP20348-6",
      "display": "5H post 75 g glucose PO"
    },
    {
      "code": "LP20349-4",
      "display": "5M post 0.5 g/kg glucose IV"
    },
    {
      "code": "LP20350-2",
      "display": "6H post 100 g glucose PO"
    },
    {
      "code": "LP20351-0",
      "display": "pre 0.5 g/kg glucose IV"
    },
    {
      "code": "LP20352-8",
      "display": "pre 100 g glucose PO"
    },
    {
      "code": "LP20353-6",
      "display": "pre 50 g lactose PO"
    },
    {
      "code": "LP20354-4",
      "display": "pre 75 g glucose PO"
    },
    {
      "code": "LP20355-1",
      "display": "post CFst"
    },
    {
      "code": "LP20356-9",
      "display": "1.5H post dose TOLBUTamide IV"
    },
    {
      "code": "LP20357-7",
      "display": "1H post dose TOLBUTamide IV"
    },
    {
      "code": "LP20358-5",
      "display": "2.5H post dose TOLBUTamide IV"
    },
    {
      "code": "LP20359-3",
      "display": "2H post dose TOLBUTamide IV"
    },
    {
      "code": "LP20360-1",
      "display": "30M post dose TOLBUTamide IV"
    },
    {
      "code": "LP20361-9",
      "display": "3H post dose TOLBUTamide IV"
    },
    {
      "code": "LP203623-6",
      "display": "Dwell"
    },
    {
      "code": "LP20362-7",
      "display": "pre dose TOLBUTamide IV"
    },
    {
      "code": "LP20363-5",
      "display": "post EDTA therapy"
    },
    {
      "code": "LP20365-0",
      "display": "105M post 100 g lutropin IV"
    },
    {
      "code": "LP20366-8",
      "display": "15M post 100 g lutropin IV"
    },
    {
      "code": "LP20367-6",
      "display": "1H post 100 g lutropin IV"
    },
    {
      "code": "LP20368-4",
      "display": "1H post dose gonadotropin releasing hormone"
    },
    {
      "code": "LP20369-2",
      "display": "2H post 100 g lutropin IV"
    },
    {
      "code": "LP20370-0",
      "display": "2H post dose gonadotropin releasing hormone"
    },
    {
      "code": "LP20371-8",
      "display": "30M post 100 g lutropin IV"
    },
    {
      "code": "LP20372-6",
      "display": "30M post dose gonadotropin releasing hormone"
    },
    {
      "code": "LP20373-4",
      "display": "45M post 100 g lutropin IV"
    },
    {
      "code": "LP20374-2",
      "display": "75M post 100 g lutropin IV"
    },
    {
      "code": "LP20375-9",
      "display": "pre dose gonadotropin releasing hormone"
    },
    {
      "code": "LP20376-7",
      "display": "10M post standing"
    },
    {
      "code": "LP20377-5",
      "display": "post 12H FFst"
    },
    {
      "code": "LP20378-3",
      "display": "post 8H FFst"
    },
    {
      "code": "LP20379-1",
      "display": "1H post dose L-dopa PO"
    },
    {
      "code": "LP20380-9",
      "display": "1H post dose TRH IV"
    },
    {
      "code": "LP20381-7",
      "display": "2H post dose L-dopa PO"
    },
    {
      "code": "LP20382-5",
      "display": "30M post dose TRH IV"
    },
    {
      "code": "LP20383-3",
      "display": "3H post dose L-dopa PO"
    },
    {
      "code": "LP20384-1",
      "display": "pre dose L-dopa PO"
    },
    {
      "code": "LP20385-8",
      "display": "pre dose TRH IV"
    },
    {
      "code": "LP20386-6",
      "display": "5H post 600 ug furosemide PO"
    },
    {
      "code": "LP20387-4",
      "display": "pre 600 ug furosemide PO"
    },
    {
      "code": "LP20388-2",
      "display": "3H post 5000 units"
    },
    {
      "code": "LP20389-0",
      "display": "6H post 5000 units"
    },
    {
      "code": "LP20390-8",
      "display": "pre 5000 units"
    },
    {
      "code": "LP20391-6",
      "display": "1H post 1 g/kg glucose PO"
    },
    {
      "code": "LP20392-4",
      "display": "2H post 1 g/kg glucose PO"
    },
    {
      "code": "LP20393-2",
      "display": "3H post 1 g/kg glucose PO"
    },
    {
      "code": "LP20394-0",
      "display": "52H post 250 ug L-dopa TID 2day PO"
    },
    {
      "code": "LP20395-7",
      "display": "pre 1 g/kg glucose PO"
    },
    {
      "code": "LP20396-5",
      "display": "pre 250 ug L-dopa TID 2day PO"
    },
    {
      "code": "LP20397-3",
      "display": "96H post 5000 U HCG IM"
    },
    {
      "code": "LP20398-1",
      "display": "pre 5000 U HCG IM"
    },
    {
      "code": "LP20400-5",
      "display": "3D post 25 TU ID"
    },
    {
      "code": "LP20401-3",
      "display": "3D post 5 TU ID"
    },
    {
      "code": "LP20402-1",
      "display": "upright"
    },
    {
      "code": "LP20403-9",
      "display": "post 50 g glucose PO"
    },
    {
      "code": "LP20405-4",
      "display": "random"
    },
    {
      "code": "LP20406-2",
      "display": "trough >12h post dose"
    },
    {
      "code": "LP20407-0",
      "display": "12H post dose"
    },
    {
      "code": "LP20408-8",
      "display": "24H post dose"
    },
    {
      "code": "LP20409-6",
      "display": ">6h post dose"
    },
    {
      "code": "LP20410-4",
      "display": ">12h post dose"
    },
    {
      "code": "LP20411-2",
      "display": ">45m post bolus dose"
    },
    {
      "code": "LP20412-0",
      "display": "1-2W post dose"
    },
    {
      "code": "LP20413-8",
      "display": "48H post dose"
    },
    {
      "code": "LP20414-6",
      "display": "72H post dose"
    },
    {
      "code": "LP20417-9",
      "display": "3D post 50 ug Candida albicans ID"
    },
    {
      "code": "LP20418-7",
      "display": "3D post 0.1 mL mumps ID"
    },
    {
      "code": "LP20419-5",
      "display": "3D post 50 ug trichophyton ID"
    },
    {
      "code": "LP20420-3",
      "display": "immediately after addition of normal plasma"
    },
    {
      "code": "LP20422-9",
      "display": "20M post venistasis"
    },
    {
      "code": "LP20423-7",
      "display": "10M post venistasis"
    },
    {
      "code": "LP20426-0",
      "display": "6H post 75 g glucose PO"
    },
    {
      "code": "LP20428-6",
      "display": "2.5H post 100 g glucose PO"
    },
    {
      "code": "LP20429-4",
      "display": "3.5H post 100 g glucose PO"
    },
    {
      "code": "LP20430-2",
      "display": "4.5H post 100 g glucose PO"
    },
    {
      "code": "LP20431-0",
      "display": "5.5H post 100 g glucose PO"
    },
    {
      "code": "LP20432-8",
      "display": "6H post 500 mg bentiromide PO"
    },
    {
      "code": "LP20433-6",
      "display": "2H post 250 ug corticotropin IM"
    },
    {
      "code": "LP20434-4",
      "display": "45M post 250 ug corticotropin IM"
    },
    {
      "code": "LP20435-1",
      "display": "1.5H post 250 ug corticotropin IM"
    },
    {
      "code": "LP20436-9",
      "display": "evening specimen"
    },
    {
      "code": "LP20437-7",
      "display": "morning specimen"
    },
    {
      "code": "LP20438-5",
      "display": "12H post peritoneal dialysis"
    },
    {
      "code": "LP20442-7",
      "display": "post vasectomy"
    },
    {
      "code": "LP20443-5",
      "display": "1H post XXX challenge"
    },
    {
      "code": "LP20444-3",
      "display": "2H post XXX challenge"
    },
    {
      "code": "LP20445-0",
      "display": "3H post XXX challenge"
    },
    {
      "code": "LP20446-8",
      "display": "2nd specimen post XXX challenge"
    },
    {
      "code": "LP20447-6",
      "display": "3rd specimen post XXX challenge"
    },
    {
      "code": "LP20448-4",
      "display": "4th specimen post XXX challenge"
    },
    {
      "code": "LP20449-2",
      "display": "5th specimen post XXX challenge"
    },
    {
      "code": "LP20450-0",
      "display": "6th specimen post XXX challenge"
    },
    {
      "code": "LP20451-8",
      "display": "7th specimen post XXX challenge"
    },
    {
      "code": "LP20452-6",
      "display": "8th specimen post XXX challenge"
    },
    {
      "code": "LP20453-4",
      "display": "4th specimen"
    },
    {
      "code": "LP20454-2",
      "display": "5th specimen"
    },
    {
      "code": "LP20455-9",
      "display": "4H post XXX challenge"
    },
    {
      "code": "LP20456-7",
      "display": "9th specimen post XXX challenge"
    },
    {
      "code": "LP20457-5",
      "display": "10th specimen post XXX challenge"
    },
    {
      "code": "LP20458-3",
      "display": "30M post XXX challenge"
    },
    {
      "code": "LP20459-1",
      "display": "20M post XXX challenge"
    },
    {
      "code": "LP20460-9",
      "display": "2.5H post XXX challenge"
    },
    {
      "code": "LP20461-7",
      "display": "post XXX challenge"
    },
    {
      "code": "LP20462-5",
      "display": "2H specimen"
    },
    {
      "code": "LP20463-3",
      "display": "4H specimen"
    },
    {
      "code": "LP20464-1",
      "display": "24H specimen"
    },
    {
      "code": "LP20465-8",
      "display": "3rd specimen"
    },
    {
      "code": "LP20466-6",
      "display": "6th specimen"
    },
    {
      "code": "LP20467-4",
      "display": "7th specimen"
    },
    {
      "code": "LP20468-2",
      "display": "8th specimen"
    },
    {
      "code": "LP20470-8",
      "display": "7H post meal"
    },
    {
      "code": "LP20471-6",
      "display": "11th specimen post XXX challenge"
    },
    {
      "code": "LP20472-4",
      "display": "12th specimen post XXX challenge"
    },
    {
      "code": "LP20473-2",
      "display": "13th specimen post XXX challenge"
    },
    {
      "code": "LP20474-0",
      "display": "14th specimen post XXX challenge"
    },
    {
      "code": "LP20475-7",
      "display": "15th specimen post XXX challenge"
    },
    {
      "code": "LP20477-3",
      "display": "15M post XXX challenge"
    },
    {
      "code": "LP20478-1",
      "display": "6.5H post XXX challenge"
    },
    {
      "code": "LP20479-9",
      "display": "7H post XXX challenge"
    },
    {
      "code": "LP20480-7",
      "display": "7.5H post XXX challenge"
    },
    {
      "code": "LP20481-5",
      "display": "8H post XXX challenge"
    },
    {
      "code": "LP20482-3",
      "display": "9H post XXX challenge"
    },
    {
      "code": "LP20483-1",
      "display": "10H post XXX challenge"
    },
    {
      "code": "LP20484-9",
      "display": "12H post XXX challenge"
    },
    {
      "code": "LP20485-6",
      "display": "15M post dose lactose PO"
    },
    {
      "code": "LP20486-4",
      "display": "6th specimen post dose lactose"
    },
    {
      "code": "LP20487-2",
      "display": "3.5H post dose lactose PO"
    },
    {
      "code": "LP20488-0",
      "display": "10M pre XXX challenge"
    },
    {
      "code": "LP20489-8",
      "display": "2M post XXX challenge"
    },
    {
      "code": "LP20490-6",
      "display": "8M post XXX challenge"
    }
  ],
  "version": "3.1.0",
  "experimental": false,
  "date": "2023-05-13",
  "caseSensitive": true,
  "hierarchyMeaning": "is-a",
  "copyright": "This material contains content from LOINC (http://loinc.org). LOINC is copyright © 1995-2020, Regenstrief Institute, Inc. and the Logical Observation Identifiers Names and Codes (LOINC) Committee and is available at no cost under the license at http://loinc.org/license. LOINC® is a registered United States trademark of Regenstrief Institute, Inc",
  "count": 170009
}
