{
  "resourceType": "CodeSystem",
  "status": "active",
  "content": "complete",
  "name": "HL7_v3_ActCode_CS",
  "id": "hl7-v3-ActCode-cs",
  "title": "HL7 V3 ActCode",
  "description": "A code specifying the particular kind of Act that the Act-instance represents within its class.",
  "url": "http://terminology.hl7.org/CodeSystem/v3-ActCode",
  "concept": [
    {
      "code": "AMB",
      "display": "ambulatory",
      "definition": "A comprehensive term for health care provided in a healthcare facility (e.g. a practitioneraTMs office, clinic setting, or hospital) on a nonresident basis. The term ambulatory usually implies that the patient has come to the location and is not assigned to a bed. Sometimes referred to as an outpatient encounter.",
      "designation": [
        "TETSX",
        {
          "language": "ja",
          "value": "外来"
        }
      ],
      "property": [
        {
          "code": "status",
          "valueCode": "active"
        },
        {
          "code": "internalId",
          "valueCode": "16239"
        },
        {
          "code": "subsumedBy",
          "valueCode": "_ActEncounterCode"
        },
        {
          "code": "subsumedBy",
          "valueCode": "_ActEncounterCode"
        },
        {
          "code": "subsumedBy",
          "valueCode": "_ActEncounterCode"
        },
        {
          "code": "subsumedBy",
          "valueCode": "_ActEncounterCode"
        },
        {
          "code": "subsumedBy",
          "valueCode": "_ActEncounterCode"
        },
        {
          "code": "subsumedBy",
          "valueCode": "_ActEncounterCode"
        },
        {
          "code": "subsumedBy",
          "valueCode": "_ActEncounterCode"
        },
        {
          "code": "subsumedBy",
          "valueCode": "_ActEncounterCode"
        },
        {
          "code": "subsumedBy",
          "valueCode": "_ActEncounterCode"
        },
        {
          "code": "subsumedBy",
          "valueCode": "_ActEncounterCode"
        },
        {
          "code": "subsumedBy",
          "valueCode": "_ActEncounterCode"
        }
      ]
    },
    {
      "code": "EMER",
      "display": "emergency",
      "definition": "A patient encounter that takes place at a dedicated healthcare service delivery location where the patient receives immediate evaluation and treatment, provided until the patient can be discharged or responsibility for the patient's care is transferred elsewhere (for example, the patient could be admitted as an inpatient or transferred to another facility.)",
      "property": [
        {
          "code": "status",
          "valueCode": "active"
        },
        {
          "code": "internalId",
          "valueCode": "16240"
        }
      ]
    },
    {
      "code": "FLD",
      "display": "field",
      "definition": "A patient encounter that takes place both outside a dedicated service delivery location and outside a patient's residence. Example locations might include an accident site and at a supermarket.",
      "property": [
        {
          "code": "status",
          "valueCode": "active"
        },
        {
          "code": "internalId",
          "valueCode": "16235"
        }
      ]
    },
    {
      "code": "HH",
      "display": "home health",
      "definition": "Healthcare encounter that takes place in the residence of the patient or a designee",
      "property": [
        {
          "code": "status",
          "valueCode": "active"
        },
        {
          "code": "internalId",
          "valueCode": "16237"
        },
        {
          "code": "subsumedBy",
          "valueCode": "_ActEncounterCode"
        }
      ]
    },
    {
      "code": "IMP",
      "display": "inpatient encounter",
      "definition": "A patient encounter where a patient is admitted by a hospital or equivalent facility, assigned to a location where patients generally stay at least overnight and provided with room, board, and continuous nursing service.",
      "designation": [
        {
          "language": "ja",
          "value": "入院"
        },
        {
          "language": "ja",
          "value": "入院中"
        }
      ],
      "property": [
        {
          "code": "status",
          "valueCode": "active"
        },
        {
          "code": "internalId",
          "valueCode": "16847"
        }
      ]
    },
    {
      "code": "OBSENC",
      "display": "observation encounter",
      "definition": "An encounter where the patient usually will start in different encounter, such as one in the emergency department (EMER) but then transition to this type of encounter because they require a significant period of treatment and monitoring to determine whether or not their condition warrants an inpatient admission or discharge. In the majority of cases the decision about admission or discharge will occur within a time period determined by local, regional or national regulation, often between 24 and 48 hours.",
      "property": [
        {
          "code": "status",
          "valueCode": "active"
        },
        {
          "code": "internalId",
          "valueCode": "23896"
        }
      ]
    },
    {
      "code": "VR",
      "display": "virtual",
      "definition": "A patient encounter where the patient and the practitioner(s) are not in the same physical location. Examples include telephone conference, email exchange, robotic surgery, and televideo conference.",
      "property": [
        {
          "code": "status",
          "valueCode": "active"
        },
        {
          "code": "internalId",
          "valueCode": "16236"
        }
      ]
    },
    {
      "code": "ACUTE",
      "display": "inpatient acute",
      "definition": "An acute inpatient encounter.",
      "property": [
        {
          "code": "status",
          "valueCode": "active"
        },
        {
          "code": "internalIdl",
          "valueCode": "13956"
        }
      ]
    },
    {
      "code": "NONAC",
      "display": "inpatient non-acute",
      "definition": "Any category of inpatient encounter except 'acute'",
      "property": [
        {
          "code": "status",
          "valueCode": "active"
        },
        {
          "code": "internalId",
          "valueCode": "16238"
        }
      ]
    },
    {
      "code": "PRENC",
      "display": "pre-admission",
      "definition": "A patient encounter where patient is scheduled or planned to receive service delivery in the future, and the patient is given a pre-admission account number. When the patient comes back for subsequent service, the pre-admission encounter is selected and is encapsulated into the service registration, and a new account number is generated.\r\n\r\n*Usage Note:* This is intended to be used in advance of encounter types such as ambulatory, inpatient encounter, virtual, etc.",
      "property": [
        {
          "code": "status",
          "valueCode": "active"
        },
        {
          "code": "internalId",
          "valueCode": "23573"
        }
      ]
    },
    {
      "code": "SS",
      "display": "short stay",
      "definition": "An encounter where the patient is admitted to a health care facility for a predetermined length of time, usually less than 24 hours.",
      "property": [
        {
          "code": "status",
          "valueCode": "active"
        },
        {
          "code": "internalId",
          "valueCode": "21444"
        }
      ]
    },
    {
      "code": "PUBLICPOL",
      "display": "public healthcare",
      "definition": "Insurance policy funded by a public health system such as a provincial or national health plan. Examples include BC MSP (British Columbia Medical Services Plan) OHIP (Ontario Health Insurance Plan), NHS (National Health Service).",
      "property": [
        {
          "code": "status",
          "valueCode": "active"
        },
        {
          "code": "internalId",
          "valueCode": "19718"
        }
      ]
    }
  ],
  "language": "en",
  "identifier": [
    {
      "system": "urn:ietf:rfc:3986",
      "value": "urn:oid:2.16.840.1.113883.5.4"
    }
  ],
  "version": "8.0.2",
  "experimental": false,
  "date": "2023-05-30",
  "publisher": "Health Level 7",
  "contact": [
    {
      "name": "Health Level Seven"
    }
  ],
  "caseSensitive": true,
  "hierarchyMeaning": "is-a",
  "property": [
    "TEST",
    {
      "code": "subsumedBy",
      "type": "code"
    },
    {
      "code": "status",
      "type": "code"
    }
  ],
  "count": 12
}
